size(bytes),Path
1,C:\Users\user1\Documents\file1
2,C:\Users\user1\Documents\file2
3,C:\Users\user1\Documents\file3
4,C:\Users\user1\Documents\file4
5,C:\Users\user1\Documents\file5
6,C:\Users\user1\Documents\file6
7,C:\Users\user1\Documents\file7
8,C:\Users\user1\Documents\file8
9,C:\Users\user1\Documents\file9
10,C:\Users\user1\Documents\file10
11,C:\Users\user1\Documents\file11
12,C:\Users\user1\Documents\file12
13,C:\Users\user1\Documents\file13
14,C:\Users\user1\Documents\file14
15,C:\Users\user1\Documents\file15
16,C:\Users\user1\Documents\file16
17,C:\Users\user1\Documents\file17
18,C:\Users\user1\Documents\file18
19,C:\Users\user1\Documents\file19
20,C:\Users\user1\Documents\file20
21,C:\Users\user1\Documents\file21
22,C:\Users\user1\Documents\file22
23,C:\Users\user1\Documents\file23
24,C:\Users\user1\Documents\file24
25,C:\Users\user1\Documents\file25
26,C:\Users\user1\Documents\file26
27,C:\Users\user1\Documents\file27
28,C:\Users\user1\Documents\file28
29,C:\Users\user1\Documents\file29
30,C:\Users\user1\Documents\file30
31,C:\Users\user1\Documents\file31
32,C:\Users\user1\Documents\file32
33,C:\Users\user1\Documents\file33
34,C:\Users\user1\Documents\file34
35,C:\Users\user1\Documents\file35
36,C:\Users\user1\Documents\file36
37,C:\Users\user1\Documents\file37
38,C:\Users\user1\Documents\file38
39,C:\Users\user1\Documents\file39
40,C:\Users\user1\Documents\file40
41,C:\Users\user1\Documents\file41
42,C:\Users\user1\Documents\file42
43,C:\Users\user1\Documents\file43
44,C:\Users\user1\Documents\file44
45,C:\Users\user1\Documents\file45
46,C:\Users\user1\Documents\file46
47,C:\Users\user1\Documents\file47
48,C:\Users\user1\Documents\file48
49,C:\Users\user1\Documents\file49
50,C:\Users\user1\Documents\file150
51,C:\Users\user1\Documents\file51
52,C:\Users\user1\Documents\file52
53,C:\Users\user1\Documents\file53
54,C:\Users\user1\Documents\file54
55,C:\Users\user1\Documents\file55
56,C:\Users\user1\Documents\file56
57,C:\Users\user1\Documents\file57
58,C:\Users\user1\Documents\file58
59,C:\Users\user1\Documents\file59
60,C:\Users\user1\Documents\file60
61,C:\Users\user1\Documents\file61
62,C:\Users\user1\Documents\file62
63,C:\Users\user1\Documents\file63
64,C:\Users\user1\Documents\file64
65,C:\Users\user1\Documents\file65
66,C:\Users\user1\Documents\file66
67,C:\Users\user1\Documents\file67
68,C:\Users\user1\Documents\file68
69,C:\Users\user1\Documents\file69
70,C:\Users\user1\Documents\file70
71,C:\Users\user1\Documents\file71
72,C:\Users\user1\Documents\file72
73,C:\Users\user1\Documents\file73
74,C:\Users\user1\Documents\file74
75,C:\Users\user1\Documents\file75
76,C:\Users\user1\Documents\file76
77,C:\Users\user1\Documents\file77
78,C:\Users\user1\Documents\file78
79,C:\Users\user1\Documents\file79
80,C:\Users\user1\Documents\file80
81,C:\Users\user1\Documents\file81
82,C:\Users\user1\Documents\file82
83,C:\Users\user1\Documents\file83
84,C:\Users\user1\Documents\file84
85,C:\Users\user1\Documents\file85
86,C:\Users\user1\Documents\file86
87,C:\Users\user1\Documents\file87
88,C:\Users\user1\Documents\file88
89,C:\Users\user1\Documents\file89
90,C:\Users\user1\Documents\file90
91,C:\Users\user1\Documents\file91
92,C:\Users\user1\Documents\file92
93,C:\Users\user1\Documents\file93
94,C:\Users\user1\Documents\file94
95,C:\Users\user1\Documents\file95
96,C:\Users\user1\Documents\file96
97,C:\Users\user1\Documents\file197
98,C:\Users\user1\Documents\file98
99,C:\Users\user1\Documents\file99
100,C:\Users\user1\Documents\file100121
101,C:\Users\user1\Documents\file101
102,C:\Users\user1\Documents\file102
103,C:\Users\user1\Documents\file103
104,C:\Users\user1\Documents\file104
105,C:\Users\user1\Documents\file105
106,C:\Users\user1\Documents\file106
107,C:\Users\user1\Documents\file107
108,C:\Users\user1\Documents\file108
109,C:\Users\user1\Documents\file109
110,C:\Users\user1\Documents\file110
111,C:\Users\user1\Documents\file111
112,C:\Users\user1\Documents\file112
113,C:\Users\user1\Documents\file113
114,C:\Users\user1\Documents\file114
115,C:\Users\user1\Documents\file115
116,C:\Users\user1\Documents\file116
117,C:\Users\user1\Documents\file117
118,C:\Users\user1\Documents\file118
119,C:\Users\user1\Documents\file119
120,C:\Users\user1\Documents\file120
121,C:\Users\user1\Documents\file121341
122,C:\Users\user1\Documents\file122
123,C:\Users\user1\Documents\file123
124,C:\Users\user1\Documents\file124
125,C:\Users\user1\Documents\file125
126,C:\Users\user1\Documents\file126
127,C:\Users\user1\Documents\file127
128,C:\Users\user1\Documents\file128
129,C:\Users\user1\Documents\file129
130,C:\Users\user1\Documents\file130
131,C:\Users\user1\Documents\file131
132,C:\Users\user1\Documents\file132
133,C:\Users\user1\Documents\file133
134,C:\Users\user1\Documents\file134
135,C:\Users\user1\Documents\file135
136,C:\Users\user1\Documents\file136
137,C:\Users\user1\Documents\file137
138,C:\Users\user1\Documents\file138
139,C:\Users\user1\Documents\file139
140,C:\Users\user1\Documents\file140
141,C:\Users\user1\Documents\file141
142,C:\Users\user1\Documents\file142
143,C:\Users\user1\Documents\file143
144,C:\Users\user1\Documents\file144
145,C:\Users\user1\Documents\file145
146,C:\Users\user1\Documents\file146
147,C:\Users\user1\Documents\file147
148,C:\Users\user1\Documents\file148
149,C:\Users\user1\Documents\file149
150,C:\Users\user1\Documents\file150
151,C:\Users\user1\Documents\file151
152,C:\Users\user1\Documents\file152
153,C:\Users\user1\Documents\file153
154,C:\Users\user1\Documents\file154
155,C:\Users\user1\Documents\file155
156,C:\Users\user1\Documents\file156
157,C:\Users\user1\Documents\file157
158,C:\Users\user1\Documents\file158
159,C:\Users\user1\Documents\file159
160,C:\Users\user1\Documents\file160
161,C:\Users\user1\Documents\file161
162,C:\Users\user1\Documents\file162
163,C:\Users\user1\Documents\file163
164,C:\Users\user1\Documents\file164
165,C:\Users\user1\Documents\file165
166,C:\Users\user1\Documents\file166
167,C:\Users\user1\Documents\file167
168,C:\Users\user1\Documents\file168
169,C:\Users\user1\Documents\file169
170,C:\Users\user1\Documents\file170454
171,C:\Users\user1\Documents\file171
172,C:\Users\user1\Documents\file172
173,C:\Users\user1\Documents\file173
174,C:\Users\user1\Documents\file174
175,C:\Users\user1\Documents\file175
176,C:\Users\user1\Documents\file176
177,C:\Users\user1\Documents\file177
178,C:\Users\user1\Documents\file178
179,C:\Users\user1\Documents\file179
180,C:\Users\user1\Documents\file180
181,C:\Users\user1\Documents\file181
182,C:\Users\user1\Documents\file182
183,C:\Users\user1\Documents\file183
184,C:\Users\user1\Documents\file184
185,C:\Users\user1\Documents\file185
186,C:\Users\user1\Documents\file186
187,C:\Users\user1\Documents\file187
188,C:\Users\user1\Documents\file188
189,C:\Users\user1\Documents\file189
190,C:\Users\user1\Documents\file190
191,C:\Users\user1\Documents\file191
192,C:\Users\user1\Documents\file192
193,C:\Users\user1\Documents\file193
194,C:\Users\user1\Documents\file194
195,C:\Users\user1\Documents\file195
196,C:\Users\user1\Documents\file196
197,C:\Users\user1\Documents\file197
198,C:\Users\user1\Documents\file198
199,C:\Users\user1\Documents\file199
200,C:\Users\user1\Documents\file200
201,C:\Users\user1\Documents\file201
202,C:\Users\user1\Documents\file202
203,C:\Users\user1\Documents\file203
204,C:\Users\user1\Documents\file204
205,C:\Users\user1\Documents\file205
206,C:\Users\user1\Documents\file206
207,C:\Users\user1\Documents\file207
208,C:\Users\user1\Documents\file208
209,C:\Users\user1\Documents\file209
210,C:\Users\user1\Documents\file210
211,C:\Users\user1\Documents\file211
212,C:\Users\user1\Documents\file212
213,C:\Users\user1\Documents\file213
214,C:\Users\user1\Documents\file214
215,C:\Users\user1\Documents\file215
216,C:\Users\user1\Documents\file216
217,C:\Users\user1\Documents\file217
218,C:\Users\user1\Documents\file218
219,C:\Users\user1\Documents\file219
220,C:\Users\user1\Documents\file220
221,C:\Users\user1\Documents\file221
222,C:\Users\user1\Documents\file222
223,C:\Users\user1\Documents\file223
224,C:\Users\user1\Documents\file224
225,C:\Users\user1\Documents\file225
226,C:\Users\user1\Documents\file226
227,C:\Users\user1\Documents\file227
228,C:\Users\user1\Documents\file228
229,C:\Users\user1\Documents\file229
230,C:\Users\user1\Documents\file230
231,C:\Users\user1\Documents\file231
232,C:\Users\user1\Documents\file232
233,C:\Users\user1\Documents\file233
234,C:\Users\user1\Documents\file234
235,C:\Users\user1\Documents\file235
236,C:\Users\user1\Documents\file236
237,C:\Users\user1\Documents\file237
238,C:\Users\user1\Documents\file238
239,C:\Users\user1\Documents\file239
240,C:\Users\user1\Documents\file240
241,C:\Users\user1\Documents\file241
242,C:\Users\user1\Documents\file242
243,C:\Users\user1\Documents\file243
244,C:\Users\user1\Documents\file244
245,C:\Users\user1\Documents\file245
246,C:\Users\user1\Documents\file246
247,C:\Users\user1\Documents\file247
248,C:\Users\user1\Documents\file248
249,C:\Users\user1\Documents\file249
250,C:\Users\user1\Documents\file250
251,C:\Users\user1\Documents\file251
252,C:\Users\user1\Documents\file252
253,C:\Users\user1\Documents\file253
254,C:\Users\user1\Documents\file254
255,C:\Users\user1\Documents\file255
256,C:\Users\user1\Documents\file256
257,C:\Users\user1\Documents\file257
258,C:\Users\user1\Documents\file258
259,C:\Users\user1\Documents\file259
260,C:\Users\user1\Documents\file260
261,C:\Users\user1\Documents\file261
262,C:\Users\user1\Documents\file262
263,C:\Users\user1\Documents\file263
264,C:\Users\user1\Documents\file264
265,C:\Users\user1\Documents\file265
266,C:\Users\user1\Documents\file266
267,C:\Users\user1\Documents\file267
268,C:\Users\user1\Documents\file268
269,C:\Users\user1\Documents\file269
270,C:\Users\user1\Documents\file270
271,C:\Users\user1\Documents\file271
272,C:\Users\user1\Documents\file272
273,C:\Users\user1\Documents\file273
274,C:\Users\user1\Documents\file274
275,C:\Users\user1\Documents\file275
276,C:\Users\user1\Documents\file276
277,C:\Users\user1\Documents\file277
278,C:\Users\user1\Documents\file278
279,C:\Users\user1\Documents\file279
280,C:\Users\user1\Documents\file280
281,C:\Users\user1\Documents\file281
282,C:\Users\user1\Documents\file282
283,C:\Users\user1\Documents\file283
284,C:\Users\user1\Documents\file284
285,C:\Users\user1\Documents\file285
286,C:\Users\user1\Documents\file286
287,C:\Users\user1\Documents\file287
288,C:\Users\user1\Documents\file288
289,C:\Users\user1\Documents\file289
290,C:\Users\user1\Documents\file290
291,C:\Users\user1\Documents\file291
292,C:\Users\user1\Documents\file292
293,C:\Users\user1\Documents\file293
294,C:\Users\user1\Documents\file294
295,C:\Users\user1\Documents\file295
296,C:\Users\user1\Documents\file296
297,C:\Users\user1\Documents\file297
298,C:\Users\user1\Documents\file298
299,C:\Users\user1\Documents\file299
300,C:\Users\user1\Documents\file300
301,C:\Users\user1\Documents\file301
302,C:\Users\user1\Documents\file302
303,C:\Users\user1\Documents\file303
304,C:\Users\user1\Documents\file304
305,C:\Users\user1\Documents\file305
306,C:\Users\user1\Documents\file306
307,C:\Users\user1\Documents\file307
308,C:\Users\user1\Documents\file308
309,C:\Users\user1\Documents\file309
310,C:\Users\user1\Documents\file310
311,C:\Users\user1\Documents\file311
312,C:\Users\user1\Documents\file312
313,C:\Users\user1\Documents\file313
314,C:\Users\user1\Documents\file314
315,C:\Users\user1\Documents\file315
316,C:\Users\user1\Documents\file316
317,C:\Users\user1\Documents\file317
318,C:\Users\user1\Documents\file318
319,C:\Users\user1\Documents\file319
320,C:\Users\user1\Documents\file320
321,C:\Users\user1\Documents\file321
322,C:\Users\user1\Documents\file322
323,C:\Users\user1\Documents\file323
324,C:\Users\user1\Documents\file324
325,C:\Users\user1\Documents\file325
326,C:\Users\user1\Documents\file326
327,C:\Users\user1\Documents\file327
328,C:\Users\user1\Documents\file328
329,C:\Users\user1\Documents\file329
330,C:\Users\user1\Documents\file330
331,C:\Users\user1\Documents\file331
332,C:\Users\user1\Documents\file332
333,C:\Users\user1\Documents\file333
334,C:\Users\user1\Documents\file334
335,C:\Users\user1\Documents\file335
336,C:\Users\user1\Documents\file336
337,C:\Users\user1\Documents\file337
338,C:\Users\user1\Documents\file338
339,C:\Users\user1\Documents\file339
340,C:\Users\user1\Documents\file340
341,C:\Users\user1\Documents\file341
342,C:\Users\user1\Documents\file342
343,C:\Users\user1\Documents\file343
344,C:\Users\user1\Documents\file344
345,C:\Users\user1\Documents\file345
346,C:\Users\user1\Documents\file346
347,C:\Users\user1\Documents\file347
348,C:\Users\user1\Documents\file348
349,C:\Users\user1\Documents\file349
350,C:\Users\user1\Documents\file350
351,C:\Users\user1\Documents\file351
352,C:\Users\user1\Documents\file352
353,C:\Users\user1\Documents\file353
354,C:\Users\user1\Documents\file354
355,C:\Users\user1\Documents\file355
356,C:\Users\user1\Documents\file356
357,C:\Users\user1\Documents\file357
358,C:\Users\user1\Documents\file358
359,C:\Users\user1\Documents\file359
360,C:\Users\user1\Documents\file360
361,C:\Users\user1\Documents\file361
362,C:\Users\user1\Documents\file362
363,C:\Users\user1\Documents\file363
364,C:\Users\user1\Documents\file364
365,C:\Users\user1\Documents\file365
366,C:\Users\user1\Documents\file366
367,C:\Users\user1\Documents\file367
368,C:\Users\user1\Documents\file368
369,C:\Users\user1\Documents\file369
370,C:\Users\user1\Documents\file370
371,C:\Users\user1\Documents\file371
372,C:\Users\user1\Documents\file372
373,C:\Users\user1\Documents\file373
374,C:\Users\user1\Documents\file374
375,C:\Users\user1\Documents\file375
376,C:\Users\user1\Documents\file376
377,C:\Users\user1\Documents\file377
378,C:\Users\user1\Documents\file378
379,C:\Users\user1\Documents\file379
380,C:\Users\user1\Documents\file380
381,C:\Users\user1\Documents\file381
382,C:\Users\user1\Documents\file382
383,C:\Users\user1\Documents\file383
384,C:\Users\user1\Documents\file384
385,C:\Users\user1\Documents\file385
386,C:\Users\user1\Documents\file386
387,C:\Users\user1\Documents\file387
388,C:\Users\user1\Documents\file388
389,C:\Users\user1\Documents\file389
390,C:\Users\user1\Documents\file390
391,C:\Users\user1\Documents\file391
392,C:\Users\user1\Documents\file392
393,C:\Users\user1\Documents\file393
394,C:\Users\user1\Documents\file394
395,C:\Users\user1\Documents\file395
396,C:\Users\user1\Documents\file396
397,C:\Users\user1\Documents\file397
398,C:\Users\user1\Documents\file398
399,C:\Users\user1\Documents\file399
400,C:\Users\user1\Documents\file400
401,C:\Users\user1\Documents\file401
402,C:\Users\user1\Documents\file402
403,C:\Users\user1\Documents\file403
404,C:\Users\user1\Documents\file404
405,C:\Users\user1\Documents\file405
406,C:\Users\user1\Documents\file406
407,C:\Users\user1\Documents\file407
408,C:\Users\user1\Documents\file408
409,C:\Users\user1\Documents\file409
410,C:\Users\user1\Documents\file410
411,C:\Users\user1\Documents\file411
412,C:\Users\user1\Documents\file412
413,C:\Users\user1\Documents\file413
414,C:\Users\user1\Documents\file414
415,C:\Users\user1\Documents\file415
416,C:\Users\user1\Documents\file416
417,C:\Users\user1\Documents\file417
418,C:\Users\user1\Documents\file418
419,C:\Users\user1\Documents\file419
420,C:\Users\user1\Documents\file420
421,C:\Users\user1\Documents\file421
422,C:\Users\user1\Documents\file422
423,C:\Users\user1\Documents\file423
424,C:\Users\user1\Documents\file424
425,C:\Users\user1\Documents\file425
426,C:\Users\user1\Documents\file426
427,C:\Users\user1\Documents\file427
428,C:\Users\user1\Documents\file428
429,C:\Users\user1\Documents\file429
430,C:\Users\user1\Documents\file430
431,C:\Users\user1\Documents\file431
432,C:\Users\user1\Documents\file432
433,C:\Users\user1\Documents\file433
434,C:\Users\user1\Documents\file434
435,C:\Users\user1\Documents\file435
436,C:\Users\user1\Documents\file436
437,C:\Users\user1\Documents\file437
438,C:\Users\user1\Documents\file438
439,C:\Users\user1\Documents\file439
440,C:\Users\user1\Documents\file440
441,C:\Users\user1\Documents\file441
442,C:\Users\user1\Documents\file442
443,C:\Users\user1\Documents\file443
444,C:\Users\user1\Documents\file444
445,C:\Users\user1\Documents\file445
446,C:\Users\user1\Documents\file446
447,C:\Users\user1\Documents\file447
448,C:\Users\user1\Documents\file448
449,C:\Users\user1\Documents\file449
450,C:\Users\user1\Documents\file450
451,C:\Users\user1\Documents\file451
452,C:\Users\user1\Documents\file452
453,C:\Users\user1\Documents\file453
454,C:\Users\user1\Documents\file454
455,C:\Users\user1\Documents\file455
456,C:\Users\user1\Documents\file456
457,C:\Users\user1\Documents\file457
458,C:\Users\user1\Documents\file458
459,C:\Users\user1\Documents\file459
460,C:\Users\user1\Documents\file460
461,C:\Users\user1\Documents\file461
462,C:\Users\user1\Documents\file462
463,C:\Users\user1\Documents\file463
464,C:\Users\user1\Documents\file464
465,C:\Users\user1\Documents\file465
466,C:\Users\user1\Documents\file466
467,C:\Users\user1\Documents\file467
468,C:\Users\user1\Documents\file468
469,C:\Users\user1\Documents\file469
470,C:\Users\user1\Documents\file470
471,C:\Users\user1\Documents\file471
472,C:\Users\user1\Documents\file472
473,C:\Users\user1\Documents\file473
474,C:\Users\user1\Documents\file474
475,C:\Users\user1\Documents\file475
476,C:\Users\user1\Documents\file476
477,C:\Users\user1\Documents\file477
478,C:\Users\user1\Documents\file478
479,C:\Users\user1\Documents\file479
480,C:\Users\user1\Documents\file480
481,C:\Users\user1\Documents\file481
482,C:\Users\user1\Documents\file482
483,C:\Users\user1\Documents\file483
484,C:\Users\user1\Documents\file484
485,C:\Users\user1\Documents\file485
486,C:\Users\user1\Documents\file486
487,C:\Users\user1\Documents\file487
488,C:\Users\user1\Documents\file488
489,C:\Users\user1\Documents\file489
490,C:\Users\user1\Documents\file490
491,C:\Users\user1\Documents\file491
492,C:\Users\user1\Documents\file492
493,C:\Users\user1\Documents\file493
494,C:\Users\user1\Documents\file494
495,C:\Users\user1\Documents\file495
496,C:\Users\user1\Documents\file496
497,C:\Users\user1\Documents\file497
498,C:\Users\user1\Documents\file498
499,C:\Users\user1\Documents\file499
500,C:\Users\user1\Documents\file500
501,C:\Users\user1\Documents\file501
502,C:\Users\user1\Documents\file502
503,C:\Users\user1\Documents\file503
504,C:\Users\user1\Documents\file504
505,C:\Users\user1\Documents\file505
506,C:\Users\user1\Documents\file506
507,C:\Users\user1\Documents\file507
508,C:\Users\user1\Documents\file508
509,C:\Users\user1\Documents\file509
510,C:\Users\user1\Documents\file510
511,C:\Users\user1\Documents\file511
512,C:\Users\user1\Documents\file512
513,C:\Users\user1\Documents\file513
514,C:\Users\user1\Documents\file514
515,C:\Users\user1\Documents\file515
516,C:\Users\user1\Documents\file516
517,C:\Users\user1\Documents\file517
518,C:\Users\user1\Documents\file518
519,C:\Users\user1\Documents\file519
520,C:\Users\user1\Documents\file520
521,C:\Users\user1\Documents\file521
522,C:\Users\user1\Documents\file522
523,C:\Users\user1\Documents\file523
524,C:\Users\user1\Documents\file524
525,C:\Users\user1\Documents\file525
526,C:\Users\user1\Documents\file526
527,C:\Users\user1\Documents\file527
528,C:\Users\user1\Documents\file528
529,C:\Users\user1\Documents\file529
530,C:\Users\user1\Documents\file530
531,C:\Users\user1\Documents\file531
532,C:\Users\user1\Documents\file532
533,C:\Users\user1\Documents\file533
534,C:\Users\user1\Documents\file534
535,C:\Users\user1\Documents\file535
536,C:\Users\user1\Documents\file536
537,C:\Users\user1\Documents\file537
538,C:\Users\user1\Documents\file538
539,C:\Users\user1\Documents\file539
540,C:\Users\user1\Documents\file540
541,C:\Users\user1\Documents\file541
542,C:\Users\user1\Documents\file542
543,C:\Users\user1\Documents\file543
544,C:\Users\user1\Documents\file544
545,C:\Users\user1\Documents\file545
546,C:\Users\user1\Documents\file546
547,C:\Users\user1\Documents\file547
548,C:\Users\user1\Documents\file548
549,C:\Users\user1\Documents\file549
550,C:\Users\user1\Documents\file550
551,C:\Users\user1\Documents\file551
552,C:\Users\user1\Documents\file552
553,C:\Users\user1\Documents\file553
554,C:\Users\user1\Documents\file554
555,C:\Users\user1\Documents\file555
556,C:\Users\user1\Documents\file556
557,C:\Users\user1\Documents\file557
558,C:\Users\user1\Documents\file558
559,C:\Users\user1\Documents\file559
560,C:\Users\user1\Documents\file560
561,C:\Users\user1\Documents\file561
562,C:\Users\user1\Documents\file562
563,C:\Users\user1\Documents\file563
564,C:\Users\user1\Documents\file564
565,C:\Users\user1\Documents\file565
566,C:\Users\user1\Documents\file566
567,C:\Users\user1\Documents\file567
568,C:\Users\user1\Documents\file568
569,C:\Users\user1\Documents\file569
570,C:\Users\user1\Documents\file570
571,C:\Users\user1\Documents\file571
572,C:\Users\user1\Documents\file572
573,C:\Users\user1\Documents\file573
574,C:\Users\user1\Documents\file574
575,C:\Users\user1\Documents\file575
576,C:\Users\user1\Documents\file576
577,C:\Users\user1\Documents\file577
578,C:\Users\user1\Documents\file578
579,C:\Users\user1\Documents\file579
580,C:\Users\user1\Documents\file580
581,C:\Users\user1\Documents\file581
582,C:\Users\user1\Documents\file582
583,C:\Users\user1\Documents\file583
584,C:\Users\user1\Documents\file584
585,C:\Users\user1\Documents\file585
586,C:\Users\user1\Documents\file586
587,C:\Users\user1\Documents\file587
588,C:\Users\user1\Documents\file588
589,C:\Users\user1\Documents\file589
590,C:\Users\user1\Documents\file590
591,C:\Users\user1\Documents\file591
592,C:\Users\user1\Documents\file592
593,C:\Users\user1\Documents\file593
594,C:\Users\user1\Documents\file594
595,C:\Users\user1\Documents\file595
596,C:\Users\user1\Documents\file596
597,C:\Users\user1\Documents\file597
598,C:\Users\user1\Documents\file598
599,C:\Users\user1\Documents\file599
600,C:\Users\user1\Documents\file600
601,C:\Users\user1\Documents\file601
602,C:\Users\user1\Documents\file602
603,C:\Users\user1\Documents\file603
604,C:\Users\user1\Documents\file604
605,C:\Users\user1\Documents\file605
606,C:\Users\user1\Documents\file606
607,C:\Users\user1\Documents\file607
608,C:\Users\user1\Documents\file608
609,C:\Users\user1\Documents\file609
610,C:\Users\user1\Documents\file610
611,C:\Users\user1\Documents\file611
612,C:\Users\user1\Documents\file612
613,C:\Users\user1\Documents\file613
614,C:\Users\user1\Documents\file614
615,C:\Users\user1\Documents\file615
616,C:\Users\user1\Documents\file616
617,C:\Users\user1\Documents\file617
618,C:\Users\user1\Documents\file618
619,C:\Users\user1\Documents\file619
620,C:\Users\user1\Documents\file620
621,C:\Users\user1\Documents\file621
622,C:\Users\user1\Documents\file622
623,C:\Users\user1\Documents\file623
624,C:\Users\user1\Documents\file624
625,C:\Users\user1\Documents\file625
626,C:\Users\user1\Documents\file626
627,C:\Users\user1\Documents\file627
628,C:\Users\user1\Documents\file628
629,C:\Users\user1\Documents\file629
630,C:\Users\user1\Documents\file630
631,C:\Users\user1\Documents\file631
632,C:\Users\user1\Documents\file632
633,C:\Users\user1\Documents\file633
634,C:\Users\user1\Documents\file634
635,C:\Users\user1\Documents\file635
636,C:\Users\user1\Documents\file636
637,C:\Users\user1\Documents\file637
638,C:\Users\user1\Documents\file638
639,C:\Users\user1\Documents\file639
640,C:\Users\user1\Documents\file640
641,C:\Users\user1\Documents\file641
642,C:\Users\user1\Documents\file642
643,C:\Users\user1\Documents\file643
644,C:\Users\user1\Documents\file644
645,C:\Users\user1\Documents\file645
646,C:\Users\user1\Documents\file646
647,C:\Users\user1\Documents\file647
648,C:\Users\user1\Documents\file648
649,C:\Users\user1\Documents\file649
650,C:\Users\user1\Documents\file650
651,C:\Users\user1\Documents\file651
652,C:\Users\user1\Documents\file652
653,C:\Users\user1\Documents\file653
654,C:\Users\user1\Documents\file654
655,C:\Users\user1\Documents\file655
656,C:\Users\user1\Documents\file656
657,C:\Users\user1\Documents\file657
658,C:\Users\user1\Documents\file658
659,C:\Users\user1\Documents\file659
660,C:\Users\user1\Documents\file660
661,C:\Users\user1\Documents\file661
662,C:\Users\user1\Documents\file662
663,C:\Users\user1\Documents\file663
664,C:\Users\user1\Documents\file664
665,C:\Users\user1\Documents\file665
666,C:\Users\user1\Documents\file666
667,C:\Users\user1\Documents\file667
668,C:\Users\user1\Documents\file668
669,C:\Users\user1\Documents\file669
670,C:\Users\user1\Documents\file670
671,C:\Users\user1\Documents\file671
672,C:\Users\user1\Documents\file672
673,C:\Users\user1\Documents\file673
674,C:\Users\user1\Documents\file674
675,C:\Users\user1\Documents\file675
676,C:\Users\user1\Documents\file676
677,C:\Users\user1\Documents\file677
678,C:\Users\user1\Documents\file678
679,C:\Users\user1\Documents\file679
680,C:\Users\user1\Documents\file680
681,C:\Users\user1\Documents\file681
682,C:\Users\user1\Documents\file682
683,C:\Users\user1\Documents\file683
684,C:\Users\user1\Documents\file684
685,C:\Users\user1\Documents\file685
686,C:\Users\user1\Documents\file686
687,C:\Users\user1\Documents\file687
688,C:\Users\user1\Documents\file688
689,C:\Users\user1\Documents\file689
690,C:\Users\user1\Documents\file690
691,C:\Users\user1\Documents\file691
692,C:\Users\user1\Documents\file692
693,C:\Users\user1\Documents\file693
694,C:\Users\user1\Documents\file694
695,C:\Users\user1\Documents\file695
696,C:\Users\user1\Documents\file696
697,C:\Users\user1\Documents\file697
698,C:\Users\user1\Documents\file698
699,C:\Users\user1\Documents\file699
700,C:\Users\user1\Documents\file700
701,C:\Users\user1\Documents\file701
702,C:\Users\user1\Documents\file702
703,C:\Users\user1\Documents\file703
704,C:\Users\user1\Documents\file704
705,C:\Users\user1\Documents\file705
706,C:\Users\user1\Documents\file706
707,C:\Users\user1\Documents\file707
708,C:\Users\user1\Documents\file708
709,C:\Users\user1\Documents\file709
710,C:\Users\user1\Documents\file710
711,C:\Users\user1\Documents\file711
712,C:\Users\user1\Documents\file712
713,C:\Users\user1\Documents\file713
714,C:\Users\user1\Documents\file714
715,C:\Users\user1\Documents\file715
716,C:\Users\user1\Documents\file716
717,C:\Users\user1\Documents\file717
718,C:\Users\user1\Documents\file718
719,C:\Users\user1\Documents\file719
720,C:\Users\user1\Documents\file720
721,C:\Users\user1\Documents\file721
722,C:\Users\user1\Documents\file722
723,C:\Users\user1\Documents\file723
724,C:\Users\user1\Documents\file724
725,C:\Users\user1\Documents\file725
726,C:\Users\user1\Documents\file726
727,C:\Users\user1\Documents\file727
728,C:\Users\user1\Documents\file728
729,C:\Users\user1\Documents\file729
730,C:\Users\user1\Documents\file730
731,C:\Users\user1\Documents\file731
732,C:\Users\user1\Documents\file732
733,C:\Users\user1\Documents\file733
734,C:\Users\user1\Documents\file734
735,C:\Users\user1\Documents\file735
736,C:\Users\user1\Documents\file736
737,C:\Users\user1\Documents\file737
738,C:\Users\user1\Documents\file738
739,C:\Users\user1\Documents\file739
740,C:\Users\user1\Documents\file740
741,C:\Users\user1\Documents\file741
742,C:\Users\user1\Documents\file742
743,C:\Users\user1\Documents\file743
744,C:\Users\user1\Documents\file744
745,C:\Users\user1\Documents\file745
746,C:\Users\user1\Documents\file746
747,C:\Users\user1\Documents\file747
748,C:\Users\user1\Documents\file748
749,C:\Users\user1\Documents\file749
750,C:\Users\user1\Documents\file750
751,C:\Users\user1\Documents\file751
752,C:\Users\user1\Documents\file752
753,C:\Users\user1\Documents\file753
754,C:\Users\user1\Documents\file754
755,C:\Users\user1\Documents\file755
756,C:\Users\user1\Documents\file756
757,C:\Users\user1\Documents\file757
758,C:\Users\user1\Documents\file758
759,C:\Users\user1\Documents\file759
760,C:\Users\user1\Documents\file760
761,C:\Users\user1\Documents\file761
762,C:\Users\user1\Documents\file762
763,C:\Users\user1\Documents\file763
764,C:\Users\user1\Documents\file764
765,C:\Users\user1\Documents\file765
766,C:\Users\user1\Documents\file766
767,C:\Users\user1\Documents\file767
768,C:\Users\user1\Documents\file768
769,C:\Users\user1\Documents\file769
770,C:\Users\user1\Documents\file770
771,C:\Users\user1\Documents\file771
772,C:\Users\user1\Documents\file772
773,C:\Users\user1\Documents\file773
774,C:\Users\user1\Documents\file774
775,C:\Users\user1\Documents\file775
776,C:\Users\user1\Documents\file776
777,C:\Users\user1\Documents\file777
778,C:\Users\user1\Documents\file778
779,C:\Users\user1\Documents\file779
780,C:\Users\user1\Documents\file780
781,C:\Users\user1\Documents\file781
782,C:\Users\user1\Documents\file782
783,C:\Users\user1\Documents\file783
784,C:\Users\user1\Documents\file784
785,C:\Users\user1\Documents\file785
786,C:\Users\user1\Documents\file786
787,C:\Users\user1\Documents\file787
788,C:\Users\user1\Documents\file788
789,C:\Users\user1\Documents\file789
790,C:\Users\user1\Documents\file790
791,C:\Users\user1\Documents\file791
792,C:\Users\user1\Documents\file792
793,C:\Users\user1\Documents\file793
794,C:\Users\user1\Documents\file794
795,C:\Users\user1\Documents\file795
796,C:\Users\user1\Documents\file796
797,C:\Users\user1\Documents\file797
798,C:\Users\user1\Documents\file798
799,C:\Users\user1\Documents\file799
800,C:\Users\user1\Documents\file800
801,C:\Users\user1\Documents\file801
802,C:\Users\user1\Documents\file802
803,C:\Users\user1\Documents\file803
804,C:\Users\user1\Documents\file804
805,C:\Users\user1\Documents\file805
806,C:\Users\user1\Documents\file806
807,C:\Users\user1\Documents\file807
808,C:\Users\user1\Documents\file808
809,C:\Users\user1\Documents\file809
810,C:\Users\user1\Documents\file810
811,C:\Users\user1\Documents\file811
812,C:\Users\user1\Documents\file812
813,C:\Users\user1\Documents\file813
814,C:\Users\user1\Documents\file814
815,C:\Users\user1\Documents\file815
816,C:\Users\user1\Documents\file816
817,C:\Users\user1\Documents\file817
818,C:\Users\user1\Documents\file818
819,C:\Users\user1\Documents\file819
820,C:\Users\user1\Documents\file820
821,C:\Users\user1\Documents\file821
822,C:\Users\user1\Documents\file822
823,C:\Users\user1\Documents\file823
824,C:\Users\user1\Documents\file824
825,C:\Users\user1\Documents\file825
826,C:\Users\user1\Documents\file826
827,C:\Users\user1\Documents\file827
828,C:\Users\user1\Documents\file828
829,C:\Users\user1\Documents\file829
830,C:\Users\user1\Documents\file830
831,C:\Users\user1\Documents\file831
832,C:\Users\user1\Documents\file832
833,C:\Users\user1\Documents\file833
834,C:\Users\user1\Documents\file834
835,C:\Users\user1\Documents\file835
836,C:\Users\user1\Documents\file836
837,C:\Users\user1\Documents\file837
838,C:\Users\user1\Documents\file838
839,C:\Users\user1\Documents\file839
840,C:\Users\user1\Documents\file840
841,C:\Users\user1\Documents\file841
842,C:\Users\user1\Documents\file842
843,C:\Users\user1\Documents\file843
844,C:\Users\user1\Documents\file844
845,C:\Users\user1\Documents\file845
846,C:\Users\user1\Documents\file846
847,C:\Users\user1\Documents\file847
848,C:\Users\user1\Documents\file848
849,C:\Users\user1\Documents\file849
850,C:\Users\user1\Documents\file850
851,C:\Users\user1\Documents\file851
852,C:\Users\user1\Documents\file852
853,C:\Users\user1\Documents\file853
854,C:\Users\user1\Documents\file854
855,C:\Users\user1\Documents\file855
856,C:\Users\user1\Documents\file856
857,C:\Users\user1\Documents\file857
858,C:\Users\user1\Documents\file858
859,C:\Users\user1\Documents\file859
860,C:\Users\user1\Documents\file860
861,C:\Users\user1\Documents\file861
862,C:\Users\user1\Documents\file862
863,C:\Users\user1\Documents\file863
864,C:\Users\user1\Documents\file864
865,C:\Users\user1\Documents\file865
866,C:\Users\user1\Documents\file866
867,C:\Users\user1\Documents\file867
868,C:\Users\user1\Documents\file868
869,C:\Users\user1\Documents\file869
870,C:\Users\user1\Documents\file870
871,C:\Users\user1\Documents\file871
872,C:\Users\user1\Documents\file872
873,C:\Users\user1\Documents\file873
874,C:\Users\user1\Documents\file874
875,C:\Users\user1\Documents\file875
876,C:\Users\user1\Documents\file876
877,C:\Users\user1\Documents\file877
878,C:\Users\user1\Documents\file878
879,C:\Users\user1\Documents\file879
880,C:\Users\user1\Documents\file880
881,C:\Users\user1\Documents\file881
882,C:\Users\user1\Documents\file882
883,C:\Users\user1\Documents\file883
884,C:\Users\user1\Documents\file884
885,C:\Users\user1\Documents\file885
886,C:\Users\user1\Documents\file886
887,C:\Users\user1\Documents\file887
888,C:\Users\user1\Documents\file888
889,C:\Users\user1\Documents\file889
890,C:\Users\user1\Documents\file890
891,C:\Users\user1\Documents\file891
892,C:\Users\user1\Documents\file892
893,C:\Users\user1\Documents\file893
894,C:\Users\user1\Documents\file894
895,C:\Users\user1\Documents\file895
896,C:\Users\user1\Documents\file896
897,C:\Users\user1\Documents\file897
898,C:\Users\user1\Documents\file898
899,C:\Users\user1\Documents\file899
900,C:\Users\user1\Documents\file900
901,C:\Users\user1\Documents\file901
902,C:\Users\user1\Documents\file902
903,C:\Users\user1\Documents\file903
904,C:\Users\user1\Documents\file904
905,C:\Users\user1\Documents\file905
906,C:\Users\user1\Documents\file906
907,C:\Users\user1\Documents\file907
908,C:\Users\user1\Documents\file908
909,C:\Users\user1\Documents\file909
910,C:\Users\user1\Documents\file910
911,C:\Users\user1\Documents\file911
912,C:\Users\user1\Documents\file912
913,C:\Users\user1\Documents\file913
914,C:\Users\user1\Documents\file914
915,C:\Users\user1\Documents\file915
916,C:\Users\user1\Documents\file916
917,C:\Users\user1\Documents\file917
918,C:\Users\user1\Documents\file918
919,C:\Users\user1\Documents\file919
920,C:\Users\user1\Documents\file920
921,C:\Users\user1\Documents\file921
922,C:\Users\user1\Documents\file922
923,C:\Users\user1\Documents\file923
924,C:\Users\user1\Documents\file924
925,C:\Users\user1\Documents\file925
926,C:\Users\user1\Documents\file926
927,C:\Users\user1\Documents\file927
928,C:\Users\user1\Documents\file928
929,C:\Users\user1\Documents\file929
930,C:\Users\user1\Documents\file930
931,C:\Users\user1\Documents\file931
932,C:\Users\user1\Documents\file932
933,C:\Users\user1\Documents\file933
934,C:\Users\user1\Documents\file934
935,C:\Users\user1\Documents\file935
936,C:\Users\user1\Documents\file936
937,C:\Users\user1\Documents\file937
938,C:\Users\user1\Documents\file938
939,C:\Users\user1\Documents\file939
940,C:\Users\user1\Documents\file940
941,C:\Users\user1\Documents\file941
942,C:\Users\user1\Documents\file942
943,C:\Users\user1\Documents\file943
944,C:\Users\user1\Documents\file944
945,C:\Users\user1\Documents\file945
946,C:\Users\user1\Documents\file946
947,C:\Users\user1\Documents\file947
948,C:\Users\user1\Documents\file948
949,C:\Users\user1\Documents\file949
950,C:\Users\user1\Documents\file950
951,C:\Users\user1\Documents\file951
952,C:\Users\user1\Documents\file952
953,C:\Users\user1\Documents\file953
954,C:\Users\user1\Documents\file954
955,C:\Users\user1\Documents\file955
956,C:\Users\user1\Documents\file956
957,C:\Users\user1\Documents\file957
958,C:\Users\user1\Documents\file958
959,C:\Users\user1\Documents\file959
960,C:\Users\user1\Documents\file960
961,C:\Users\user1\Documents\file961
962,C:\Users\user1\Documents\file962
963,C:\Users\user1\Documents\file963
964,C:\Users\user1\Documents\file964
965,C:\Users\user1\Documents\file965
966,C:\Users\user1\Documents\file966
967,C:\Users\user1\Documents\file967
968,C:\Users\user1\Documents\file968
969,C:\Users\user1\Documents\file969
970,C:\Users\user1\Documents\file970
971,C:\Users\user1\Documents\file971
972,C:\Users\user1\Documents\file972
973,C:\Users\user1\Documents\file973
974,C:\Users\user1\Documents\file974
975,C:\Users\user1\Documents\file975
976,C:\Users\user1\Documents\file976
977,C:\Users\user1\Documents\file977
978,C:\Users\user1\Documents\file978
979,C:\Users\user1\Documents\file979
980,C:\Users\user1\Documents\file980
981,C:\Users\user1\Documents\file981
982,C:\Users\user1\Documents\file982
983,C:\Users\user1\Documents\file983
984,C:\Users\user1\Documents\file984
985,C:\Users\user1\Documents\file985
986,C:\Users\user1\Documents\file986
987,C:\Users\user1\Documents\file987
988,C:\Users\user1\Documents\file988
989,C:\Users\user1\Documents\file989
990,C:\Users\user1\Documents\file990
991,C:\Users\user1\Documents\file991
992,C:\Users\user1\Documents\file992
993,C:\Users\user1\Documents\file993
994,C:\Users\user1\Documents\file994
995,C:\Users\user1\Documents\file995
996,C:\Users\user1\Documents\file996
997,C:\Users\user1\Documents\file997
998,C:\Users\user1\Documents\file998
999,C:\Users\user1\Documents\file999
1000,C:\Users\user1\Documents\file1000
